Retail,$556669,RET001
Science,$5628379,SCI002
Enviroment,$1018168,ENV003
Enviroment,$3617479,ENV004
Retail,$9270302,RET005
Banking,$1577972,BAN006
Water,$2139150,WAT007
Acounting,$3889032,ACO008
Acounting,$2505920,ACO009
Consulting,$1346436,CON010
Enviroment,$9020078,ENV011
Finace,$8992889,FIN012
Real Estate,$2619540,REA013
Consulting,$6868829,CON014
Energy,$5384665,ENE015
Business,$2777470,BUS016
Government,$2092775,GOV017
Agriculture,$141307,AGR018
Business,$4876247,BUS019
Media,$6387019,MED020
Education,$1551278,EDU021
Construction,$8316954,CON022
Media,$8175299,MED023
Consulting,$8388468,CON024
Construction,$9684209,CON025
Finace,$1190471,FIN026
Marketing,$8519835,MAR027
Acounting,$9525808,ACO028
Lesiure,$9512068,LES029
Energy,$7377707,ENE030
Business,$381731,BUS031
Pharmaceuticals,$466250,PHA032
Science,$5363372,SCI033
Government,$3970682,GOV034
Charity,$2499280,CHA035
Transport,$562891,TRA036
Consulting,$4510701,CON037
Pharmaceuticals,$8082592,PHA038
Business,$520958,BUS039
Energy,$9989476,ENE040
Healthcare,$2323157,HEA041
Business,$1277095,BUS042
Acounting,$7140059,ACO043
Charity,$7715038,CHA044
Pharmaceuticals,$1286418,PHA045
Lesiure,$5848824,LES046
Transport,$8373586,TRA047
Consulting,$9130831,CON048
Retail,$2442443,RET049
Transport,$8713714,TRA050
Consulting,$9237569,CON051
Science,$161436,SCI052
Enviroment,$5442443,ENV053
Consulting,$4416499,CON054
Enviroment,$4646094,ENV055
Energy,$6025971,ENE056
Marketing,$2617546,MAR057
Charity,$9898013,CHA058
Business,$4268920,BUS059
Marketing,$6325564,MAR060
Law,$6351840,LAW061
Pharmaceuticals,$6035113,PHA062
Pharmaceuticals,$7023750,PHA063
Education,$6697924,EDU064
Enviroment,$2292287,ENV065
Arts,$4351754,ART066
Media,$5694312,MED067
Water,$7668288,WAT068
Retail,$9419201,RET069
Energy,$910178,ENE070
Banking,$2173969,BAN071
Film,$6649238,FIL072
Acounting,$3664827,ACO073
Retail,$7482330,RET074
Marketing,$9160892,MAR075
Pharmaceuticals,$78679,PHA076
Lesiure,$8503315,LES077
IT,$5595708,IT078
Construction,$3485667,CON079
Consulting,$9405826,CON080
Pharmaceuticals,$8097337,PHA081
Retail,$6341597,RET082
Government,$4897866,GOV083
Construction,$1959744,CON084
Film,$7206019,FIL085
Water,$2159832,WAT086
Retail,$8897480,RET087
Game Development,$4820349,GAM088
Film,$1227725,FIL089
Real Estate,$5754265,REA090
Banking,$7916499,BAN091
Media,$952429,MED092
Acounting,$7936568,ACO093
Pharmaceuticals,$153034,PHA094
Enviroment,$4816517,ENV095
Marketing,$7338757,MAR096
Healthcare,$1912683,HEA097
Media,$5477025,MED098
Pharmaceuticals,$78886,PHA099
Real Estate,$9424868,REA100
Pharmaceuticals,$3840695,PHA101
Government,$1934736,GOV102
Business,$1623284,BUS103
Lesiure,$7273863,LES104
Acounting,$3585981,ACO105
Transport,$6307842,TRA106
Science,$952140,SCI107
Water,$7724998,WAT108
Water,$8730830,WAT109
Consulting,$1257624,CON110
Media,$1846255,MED111
Retail,$2245931,RET112
Lesiure,$654492,LES113
Business,$7932259,BUS114
Construction,$8868658,CON115
Media,$6675970,MED116
Water,$7026110,WAT117
Film,$3923961,FIL118
Arts,$544233,ART119
Charity,$4021604,CHA120
Charity,$902563,CHA121
Marketing,$4889009,MAR122
Water,$6776487,WAT123
Science,$981575,SCI124
Construction,$8130521,CON125
Pharmaceuticals,$9397379,PHA126
Consulting,$714441,CON127
Education,$6794981,EDU128
Enviroment,$7996515,ENV129
Charity,$2315240,CHA130
Acounting,$7377765,ACO131
Business,$792324,BUS132
Pharmaceuticals,$7903677,PHA133
Game Development,$8982231,GAM134
Engineering,$3303744,ENG135
Banking,$7013172,BAN136
Energy,$2880195,ENE137
Enviroment,$1022786,ENV138
IT,$7472145,IT139
Agriculture,$5335513,AGR140
Consulting,$2758998,CON141
Film,$9898722,FIL142
Energy,$6233367,ENE143
Lesiure,$4922239,LES144
Law,$1141101,LAW145
Healthcare,$8559410,HEA146
Construction,$3301023,CON147
Banking,$1869856,BAN148
Real Estate,$5103981,REA149
Game Development,$526473,GAM150
Marketing,$2652623,MAR151
Business,$2547957,BUS152
Banking,$2873882,BAN153
Education,$1270580,EDU154
Agriculture,$624630,AGR155
Real Estate,$6474348,REA156
Lesiure,$9855213,LES157
Construction,$6859139,CON158
Law,$1985196,LAW159
Construction,$1386058,CON160
Game Development,$1683551,GAM161
Water,$724642,WAT162
Media,$4170110,MED163
Enviroment,$2325473,ENV164
Business,$7013006,BUS165
Game Development,$729373,GAM166
Acounting,$8931191,ACO167
Agriculture,$1735664,AGR168
Enviroment,$4819565,ENV169
Lesiure,$768423,LES170
Pharmaceuticals,$9243552,PHA171
Science,$1452516,SCI172
Acounting,$277367,ACO173
Engineering,$9466655,ENG174
Banking,$4060362,BAN175
Science,$7452377,SCI176
Charity,$9190126,CHA177
Game Development,$6586706,GAM178
Finace,$5079168,FIN179
Acounting,$4645180,ACO180
Science,$2797324,SCI181
Law,$9662712,LAW182
Finace,$8951783,FIN183
Real Estate,$6106502,REA184
Business,$3144587,BUS185
Game Development,$7646430,GAM186
IT,$1238153,IT187
Transport,$9262151,TRA188
Arts,$2711307,ART189
Law,$6218747,LAW190
Enviroment,$9057570,ENV191
Finace,$7078888,FIN192
Engineering,$9386601,ENG193
Water,$2274557,WAT194
Lesiure,$2360066,LES195
Real Estate,$1764116,REA196
Marketing,$7454551,MAR197
Lesiure,$2912533,LES198
Education,$5669511,EDU199
Law,$5588857,LAW200
Science,$1415588,SCI201
Construction,$867931,CON202
Game Development,$2317240,GAM203
Arts,$1392462,ART204
Retail,$6197367,RET205
Consulting,$8040022,CON206
Marketing,$8658124,MAR207
Lesiure,$5026326,LES208
Transport,$4203202,TRA209
Acounting,$8946538,ACO210
Media,$1753011,MED211
Transport,$4775336,TRA212
IT,$7840593,IT213
Media,$1892343,MED214
Engineering,$9006350,ENG215
Education,$520419,EDU216
Banking,$1843949,BAN217
Energy,$6195900,ENE218
IT,$8729121,IT219
Transport,$3736673,TRA220
Marketing,$725922,MAR221
Healthcare,$2451482,HEA222
Retail,$9483551,RET223
Media,$1123982,MED224
Lesiure,$1292066,LES225
Business,$4441175,BUS226
Agriculture,$358574,AGR227
Construction,$3297283,CON228
Science,$3140231,SCI229
Energy,$560690,ENE230
Government,$7860705,GOV231
Film,$3994762,FIL232
Real Estate,$5790557,REA233
Lesiure,$3658132,LES234
Education,$5676834,EDU235
IT,$537888,IT236
Water,$7007503,WAT237
Acounting,$7648428,ACO238
Consulting,$1396416,CON239
Energy,$5430679,ENE240
Banking,$3702626,BAN241
Film,$9600899,FIL242
Construction,$8331039,CON243
Banking,$2532944,BAN244
Pharmaceuticals,$6457206,PHA245
Charity,$1910027,CHA246
Finace,$1902743,FIN247
Water,$506421,WAT248
Water,$8726993,WAT249
Acounting,$4347341,ACO250
Energy,$9175703,ENE251
Government,$415392,GOV252
IT,$9412407,IT253
Water,$7685739,WAT254
Finace,$2887692,FIN255
Construction,$5956488,CON256
Game Development,$389903,GAM257
Government,$5735764,GOV258
Arts,$6764849,ART259
Real Estate,$9328404,REA260
Marketing,$5079499,MAR261
Transport,$8205437,TRA262
Enviroment,$4641381,ENV263
Business,$7810414,BUS264
Media,$4339280,MED265
Marketing,$8667250,MAR266
Law,$3557181,LAW267
Media,$2965477,MED268
Charity,$3236407,CHA269
Transport,$2708805,TRA270
Construction,$5510513,CON271
Finace,$7186837,FIN272
Enviroment,$5810475,ENV273
Acounting,$6700327,ACO274
Government,$7257326,GOV275
Film,$8220788,FIL276
Acounting,$3603026,ACO277
Engineering,$1395197,ENG278
Acounting,$386651,ACO279
Energy,$4733221,ENE280
Science,$7357346,SCI281
Charity,$7536914,CHA282
Water,$3078721,WAT283
Energy,$174564,ENE284
Science,$5821802,SCI285
Transport,$4110383,TRA286
Finace,$4481794,FIN287
Science,$8761594,SCI288
Transport,$6266676,TRA289
Law,$4190932,LAW290
Banking,$4977886,BAN291
Agriculture,$4056990,AGR292
Retail,$4799199,RET293
Arts,$4180793,ART294
Science,$3781787,SCI295
Arts,$9524607,ART296
Agriculture,$4959921,AGR297
Charity,$8442666,CHA298
Water,$7490605,WAT299
Pharmaceuticals,$8717783,PHA300
Pharmaceuticals,$8993053,PHA301
Lesiure,$6671523,LES302
Education,$4100141,EDU303
Charity,$1665635,CHA304
Marketing,$925623,MAR305
Construction,$8400502,CON306
Energy,$3146184,ENE307
Game Development,$6323094,GAM308
Lesiure,$2229220,LES309
Government,$9577320,GOV310
Enviroment,$6368624,ENV311
Energy,$294582,ENE312
Energy,$8441201,ENE313
Engineering,$9578024,ENG314
Science,$8571422,SCI315
IT,$1061933,IT316
Business,$5176193,BUS317
Government,$4392179,GOV318
Enviroment,$7943600,ENV319
Film,$6582063,FIL320
Government,$2195806,GOV321
Acounting,$9320468,ACO322
Business,$1339409,BUS323
Charity,$2342713,CHA324
Engineering,$7391082,ENG325
Real Estate,$4686271,REA326
Consulting,$470969,CON327
Consulting,$6130409,CON328
Healthcare,$5950534,HEA329
Science,$9536964,SCI330
Engineering,$221922,ENG331
Real Estate,$7080018,REA332
Pharmaceuticals,$3161460,PHA333
Construction,$3979774,CON334
Government,$5289418,GOV335
Enviroment,$1104887,ENV336
Film,$512211,FIL337
Consulting,$5021552,CON338
Construction,$5722330,CON339
Transport,$2779481,TRA340
Engineering,$1063966,ENG341
Marketing,$4464804,MAR342
Charity,$7951890,CHA343
Marketing,$5390105,MAR344
Construction,$2089856,CON345
Pharmaceuticals,$5473245,PHA346
Media,$6067881,MED347
Game Development,$6896771,GAM348
Finace,$7030779,FIN349
Marketing,$4195489,MAR350
Retail,$1234900,RET351
Retail,$1487396,RET352
Finace,$4970737,FIN353
Government,$6187132,GOV354
Enviroment,$9983889,ENV355
Government,$8185824,GOV356
Charity,$4376562,CHA357
Healthcare,$3524826,HEA358
Banking,$945340,BAN359
Media,$831894,MED360
Healthcare,$1245367,HEA361
Charity,$6034285,CHA362
Media,$3968203,MED363
IT,$1199184,IT364
Finace,$4717711,FIN365
Government,$5231478,GOV366
Acounting,$8687144,ACO367
Business,$6707034,BUS368
Media,$4756628,MED369
Law,$5110753,LAW370
Energy,$4641968,ENE371
Real Estate,$204283,REA372
Media,$6832074,MED373
Arts,$7772612,ART374
Charity,$2441186,CHA375
Banking,$5526258,BAN376
Education,$4024378,EDU377
Construction,$5902740,CON378
Film,$682373,FIL379
Retail,$1512224,RET380
Business,$8581219,BUS381
Law,$9831973,LAW382
Lesiure,$5267639,LES383
Film,$5224962,FIL384
Consulting,$9030046,CON385
Game Development,$1720112,GAM386
Banking,$3061952,BAN387
Finace,$4126515,FIN388
Construction,$8586689,CON389
Finace,$6729637,FIN390
Enviroment,$2535118,ENV391
Finace,$1371620,FIN392
Education,$2202787,EDU393
Acounting,$6424607,ACO394
Film,$6411184,FIL395
Film,$7994849,FIL396
Lesiure,$1640478,LES397
Water,$6861751,WAT398
Law,$5738292,LAW399
Law,$9265527,LAW400
Education,$8486041,EDU401
Agriculture,$5959583,AGR402
Transport,$7069399,TRA403
Lesiure,$8170013,LES404
Retail,$9231358,RET405
Arts,$8743067,ART406
Enviroment,$939336,ENV407
Lesiure,$988514,LES408
Transport,$3093954,TRA409
Healthcare,$8507745,HEA410
Retail,$9281861,RET411
Agriculture,$9204740,AGR412
Consulting,$427920,CON413
Real Estate,$8456152,REA414
Finace,$2640088,FIN415
Water,$3064719,WAT416
Water,$9314329,WAT417
Marketing,$8689922,MAR418
Water,$7099476,WAT419
Healthcare,$3066914,HEA420
Acounting,$6512998,ACO421
Education,$5096551,EDU422
IT,$3170448,IT423
Charity,$3098661,CHA424
Acounting,$9731623,ACO425
Agriculture,$7574973,AGR426
Film,$1083948,FIL427
Energy,$4023448,ENE428
Consulting,$3852223,CON429
Arts,$1177378,ART430
Water,$5776921,WAT431
Business,$2157489,BUS432
Film,$8388222,FIL433
Film,$952120,FIL434
Real Estate,$8117390,REA435
Game Development,$1806915,GAM436
Media,$8723303,MED437
Transport,$4164485,TRA438
Government,$8189773,GOV439
Pharmaceuticals,$9263375,PHA440
Media,$2841263,MED441
Real Estate,$5458763,REA442
Game Development,$2551588,GAM443
Acounting,$9465305,ACO444
Education,$6412497,EDU445
Acounting,$5942725,ACO446
Government,$2339855,GOV447
Engineering,$5656804,ENG448
Healthcare,$525176,HEA449
Lesiure,$6076667,LES450
Arts,$820678,ART451
Banking,$5367044,BAN452
Retail,$2379748,RET453
Finace,$9728133,FIN454
Acounting,$5697207,ACO455
Media,$3878108,MED456
Real Estate,$5256221,REA457
Engineering,$9099839,ENG458
Water,$7596782,WAT459
Film,$2619953,FIL460
Government,$1107225,GOV461
Science,$8057343,SCI462
Film,$4580966,FIL463
Finace,$1651610,FIN464
Banking,$9063065,BAN465
Transport,$3332778,TRA466
Energy,$2189805,ENE467
Engineering,$2542957,ENG468
Retail,$7300053,RET469
Enviroment,$7917364,ENV470
Consulting,$5299384,CON471
Law,$3315036,LAW472
Real Estate,$1074100,REA473
Science,$8774036,SCI474
Charity,$7236530,CHA475
Consulting,$4239741,CON476
Business,$9354088,BUS477
Water,$7700688,WAT478
Finace,$6554002,FIN479
Media,$2559821,MED480
Media,$6028018,MED481
Science,$1212609,SCI482
Marketing,$6241074,MAR483
Engineering,$9625623,ENG484
Marketing,$7822606,MAR485
Consulting,$2157793,CON486
Acounting,$1268691,ACO487
Healthcare,$9924674,HEA488
Consulting,$3033236,CON489
Charity,$4192579,CHA490
Arts,$9894092,ART491
Media,$9912593,MED492
Finace,$9588315,FIN493
Education,$7329308,EDU494
Pharmaceuticals,$8169275,PHA495
Arts,$3473647,ART496
Lesiure,$4259459,LES497
Construction,$8513685,CON498
Banking,$4857676,BAN499
Game Development,$8380073,GAM500
Law,$5683040,LAW501
Science,$4152658,SCI502
Charity,$1920402,CHA503
Engineering,$9292411,ENG504
Acounting,$8527518,ACO505
Arts,$4009102,ART506
Business,$1380788,BUS507
Transport,$9405926,TRA508
Lesiure,$3711059,LES509
Film,$328722,FIL510
Real Estate,$79890,REA511
Game Development,$9055669,GAM512
Retail,$2011145,RET513
Retail,$7193658,RET514
Agriculture,$5364795,AGR515
Construction,$9545791,CON516
Real Estate,$3822388,REA517
Marketing,$3171591,MAR518
Retail,$5462935,RET519
Acounting,$8433274,ACO520
Film,$6707429,FIL521
Lesiure,$6832379,LES522
Law,$6075264,LAW523
Healthcare,$451038,HEA524
Transport,$4344146,TRA525
Government,$8714954,GOV526
Healthcare,$16778,HEA527
Arts,$9953878,ART528
Banking,$950661,BAN529
Real Estate,$7597259,REA530
Media,$6966125,MED531
Arts,$5582674,ART532
Business,$7070863,BUS533
Construction,$319465,CON534
Charity,$9014949,CHA535
Agriculture,$682675,AGR536
Finace,$5571121,FIN537
Acounting,$8778186,ACO538
Real Estate,$4007433,REA539
Healthcare,$8090951,HEA540
Enviroment,$9925690,ENV541
Agriculture,$5980734,AGR542
Consulting,$5829540,CON543
Science,$7343618,SCI544
Lesiure,$8509536,LES545
Agriculture,$8708668,AGR546
Media,$626522,MED547
Business,$3283584,BUS548
Business,$9195632,BUS549
Transport,$969324,TRA550
Charity,$103740,CHA551
Acounting,$1068472,ACO552
Game Development,$1376358,GAM553
Education,$9716723,EDU554
Pharmaceuticals,$7944754,PHA555
Water,$5095625,WAT556
IT,$4559264,IT557
Acounting,$12126,ACO558
Government,$6015375,GOV559
Healthcare,$9752788,HEA560
Consulting,$934448,CON561
Real Estate,$8315581,REA562
Agriculture,$3912534,AGR563
Acounting,$9726474,ACO564
Agriculture,$5258033,AGR565
Film,$7989048,FIL566
Energy,$7919888,ENE567
Healthcare,$8360844,HEA568
Engineering,$2941299,ENG569
IT,$5619496,IT570
Engineering,$8562271,ENG571
Education,$476970,EDU572
Finace,$5146690,FIN573
Acounting,$8686035,ACO574
Government,$1903445,GOV575
Healthcare,$9751287,HEA576
Film,$2153027,FIL577
Lesiure,$2017675,LES578
IT,$2886646,IT579
Game Development,$1282896,GAM580
Government,$776609,GOV581
Government,$5856721,GOV582
Banking,$1623535,BAN583
Engineering,$9650532,ENG584
Business,$7414769,BUS585
Engineering,$3296584,ENG586
Consulting,$8342072,CON587
Game Development,$1967445,GAM588
Retail,$6423534,RET589
Arts,$731219,ART590
Game Development,$1867676,GAM591
Arts,$9883506,ART592
Water,$5634828,WAT593
Energy,$841663,ENE594
Construction,$3876133,CON595
Water,$4302905,WAT596
Media,$5937629,MED597
Enviroment,$1573776,ENV598
Business,$5462141,BUS599
Business,$399315,BUS600
Agriculture,$9892955,AGR601
Acounting,$8894223,ACO602
Acounting,$7131396,ACO603
Transport,$9805864,TRA604
Transport,$7996892,TRA605
Transport,$9429407,TRA606
Real Estate,$7566997,REA607
Charity,$1560882,CHA608
Charity,$2564318,CHA609
Lesiure,$444750,LES610
Science,$4732004,SCI611
Pharmaceuticals,$1805940,PHA612
Pharmaceuticals,$8927899,PHA613
Finace,$5347874,FIN614
Marketing,$9114532,MAR615
Water,$8955764,WAT616
Water,$7153699,WAT617
Transport,$9560098,TRA618
Healthcare,$8769533,HEA619
Transport,$7189990,TRA620
Education,$9434844,EDU621
Charity,$12336,CHA622
Water,$1114278,WAT623
Transport,$8180472,TRA624
Construction,$2348121,CON625
Law,$4684944,LAW626
Pharmaceuticals,$8280898,PHA627
Banking,$902828,BAN628
IT,$3246860,IT629
Agriculture,$9949451,AGR630
Education,$1229198,EDU631
Lesiure,$1654612,LES632
Film,$894603,FIL633
Business,$183501,BUS634
Science,$6216043,SCI635
Charity,$5889759,CHA636
Government,$9900750,GOV637
Finace,$3221441,FIN638
Finace,$7873808,FIN639
Film,$4542614,FIL640
Pharmaceuticals,$2536995,PHA641
Finace,$1396081,FIN642
Construction,$5911103,CON643
IT,$8300291,IT644
Retail,$4476086,RET645
Enviroment,$7126588,ENV646
Water,$8467659,WAT647
Enviroment,$5737228,ENV648
Film,$8584510,FIL649
Arts,$9008315,ART650
Lesiure,$3227721,LES651
Education,$6832635,EDU652
Education,$66573,EDU653
Healthcare,$9463674,HEA654
Water,$287097,WAT655
Water,$2852116,WAT656
Education,$8619799,EDU657
Water,$8230394,WAT658
Lesiure,$3263145,LES659
Water,$3357416,WAT660
Water,$8398887,WAT661
Lesiure,$2630782,LES662
Healthcare,$5050946,HEA663
Healthcare,$7660584,HEA664
Water,$3305269,WAT665
Engineering,$86861,ENG666
Lesiure,$1277973,LES667
Arts,$4674801,ART668
Transport,$450478,TRA669
Game Development,$2849498,GAM670
Film,$59038,FIL671
Energy,$3840446,ENE672
Education,$3275073,EDU673
Transport,$3604869,TRA674
Film,$2975818,FIL675
Transport,$6790653,TRA676
Healthcare,$6703984,HEA677
Finace,$5548851,FIN678
Film,$1944021,FIL679
Retail,$7928590,RET680
Game Development,$8315478,GAM681
Real Estate,$6883860,REA682
Water,$594885,WAT683
Enviroment,$4727507,ENV684
Film,$6695659,FIL685
Science,$6193629,SCI686
Law,$370657,LAW687
Education,$6068618,EDU688
Education,$873948,EDU689
Arts,$67104,ART690
Construction,$8902226,CON691
Healthcare,$1039393,HEA692
Finace,$3353117,FIN693
Retail,$9735301,RET694
Acounting,$1651237,ACO695
Film,$5336177,FIL696
Lesiure,$4952233,LES697
Media,$680472,MED698
Law,$2589576,LAW699
Game Development,$1821242,GAM700
Water,$64346,WAT701
Banking,$541340,BAN702
IT,$7531561,IT703
Film,$7511293,FIL704
Film,$4002144,FIL705
Pharmaceuticals,$1718551,PHA706
IT,$9071099,IT707
Education,$5143949,EDU708
Pharmaceuticals,$6150075,PHA709
Government,$444074,GOV710
Transport,$5633589,TRA711
Finace,$2460552,FIN712
Enviroment,$3562343,ENV713
Transport,$2071361,TRA714
Transport,$8520336,TRA715
Enviroment,$7470464,ENV716
IT,$6763665,IT717
Construction,$390972,CON718
Finace,$4780074,FIN719
Lesiure,$8827118,LES720
Science,$6036758,SCI721
Charity,$9180906,CHA722
Finace,$9248967,FIN723
Game Development,$5952945,GAM724
Film,$316871,FIL725
Water,$933064,WAT726
Charity,$7712151,CHA727
Healthcare,$6101377,HEA728
Consulting,$9894184,CON729
Charity,$2699333,CHA730
Retail,$6731519,RET731
Healthcare,$1856160,HEA732
Transport,$4889795,TRA733
Law,$3600596,LAW734
Game Development,$6507252,GAM735
Consulting,$6257945,CON736
Law,$3884635,LAW737
Retail,$5133769,RET738
Game Development,$4774455,GAM739
Transport,$346988,TRA740
Government,$8676307,GOV741
Enviroment,$2815678,ENV742
Acounting,$2443608,ACO743
Enviroment,$1649798,ENV744
Banking,$9630341,BAN745
Retail,$1850032,RET746
Consulting,$327735,CON747
Science,$676914,SCI748
Pharmaceuticals,$6546512,PHA749
Media,$7158568,MED750
Film,$3424393,FIL751
Agriculture,$7398217,AGR752
Transport,$1508425,TRA753
Agriculture,$6634982,AGR754
Engineering,$2426268,ENG755
Arts,$7825892,ART756
Transport,$8561567,TRA757
Arts,$6106034,ART758
Real Estate,$1433324,REA759
Finace,$7855028,FIN760
Science,$8473720,SCI761
Law,$4425588,LAW762
Arts,$2334506,ART763
Media,$2863583,MED764
Transport,$785635,TRA765
Science,$9242389,SCI766
Acounting,$2983054,ACO767
Engineering,$964325,ENG768
Game Development,$1580291,GAM769
Arts,$8624301,ART770
Lesiure,$512521,LES771
Finace,$9711121,FIN772
Lesiure,$3416240,LES773
Education,$7870199,EDU774
Water,$586540,WAT775
Energy,$6377673,ENE776
Finace,$1449862,FIN777
Finace,$3012681,FIN778
Healthcare,$118743,HEA779
Law,$2911516,LAW780
Agriculture,$617301,AGR781
Education,$7782336,EDU782
Media,$8670203,MED783
Agriculture,$8703499,AGR784
Construction,$358088,CON785
Banking,$5055995,BAN786
Science,$70657,SCI787
Engineering,$4017076,ENG788
Law,$661873,LAW789
Business,$3458906,BUS790
Law,$3270447,LAW791
Real Estate,$2521598,REA792
Marketing,$4232263,MAR793
Pharmaceuticals,$3748835,PHA794
Enviroment,$4976497,ENV795
Transport,$423295,TRA796
Banking,$4548050,BAN797
Education,$4527977,EDU798
Real Estate,$9528113,REA799
Law,$8997045,LAW800
