Government,$2265125,GOV001
Marketing,$6467821,MAR002
Lesiure,$8252432,LES003
Construction,$9785679,CON004
Law,$846278,LAW005
Agriculture,$7708427,AGR006
Agriculture,$6196778,AGR007
Pharmaceuticals,$1146700,PHA008
Pharmaceuticals,$1876157,PHA009
Science,$2507131,SCI010
Business,$1952422,BUS011
Finace,$2580233,FIN012
Energy,$5598466,ENE013
Law,$6383596,LAW014
IT,$4676076,IT_015
Enviroment,$692889,ENV016
Transport,$3076210,TRA017
Energy,$7566591,ENE018
Real Estate,$73963,REA019
Transport,$7474913,TRA020
Arts,$505974,ART021
Retail,$3869167,RET022
Construction,$8767589,CON023
Water,$5792442,WAT024
Law,$2955271,LAW025
Consulting,$7651173,CON026
Engineering,$1167585,ENG027
Arts,$9408898,ART028
Game Development,$8447136,GAM029
Water,$2310665,WAT030
Business,$7438076,BUS031
Charity,$4096243,CHA032
Pharmaceuticals,$2943234,PHA033
Energy,$5859638,ENE034
Healthcare,$7032256,HEA035
Acounting,$3820281,ACO036
Banking,$3519027,BAN037
Business,$3849676,BUS038
Game Development,$5256041,GAM039
Banking,$9860772,BAN040
Consulting,$5875901,CON041
Construction,$1878407,CON042
Consulting,$572286,CON043
Water,$6356696,WAT044
Acounting,$7965007,ACO045
Retail,$268915,RET046
Arts,$8289687,ART047
Marketing,$9057164,MAR048
Healthcare,$4115359,HEA049
IT,$7905555,IT_050
Education,$6694847,EDU051
Game Development,$3981498,GAM052
Film,$7604339,FIL053
Real Estate,$9969928,REA054
Agriculture,$4346095,AGR055
Transport,$6379608,TRA056
Law,$1956503,LAW057
Banking,$3667915,BAN058
Arts,$9100996,ART059
Education,$1201416,EDU060
Energy,$9236655,ENE061
Finace,$3743451,FIN062
Business,$4498561,BUS063
Charity,$8683617,CHA064
Healthcare,$8232827,HEA065
Acounting,$4348922,ACO066
Game Development,$1121591,GAM067
Film,$1549452,FIL068
Law,$3783986,LAW069
Acounting,$1894579,ACO070
Business,$8469,BUS071
Science,$2481100,SCI072
Enviroment,$979619,ENV073
Energy,$2437357,ENE074
Marketing,$9310376,MAR075
Game Development,$6129639,GAM076
IT,$3176387,IT_077
Lesiure,$881613,LES078
Film,$9938086,FIL079
Charity,$7276933,CHA080
Acounting,$5543892,ACO081
Real Estate,$6450928,REA082
Lesiure,$9097832,LES083
Pharmaceuticals,$5874404,PHA084
Film,$1833620,FIL085
Energy,$8072058,ENE086
Banking,$3906837,BAN087
Arts,$2953627,ART088
Marketing,$4003359,MAR089
Science,$5949845,SCI090
Education,$7901137,EDU091
Acounting,$4957528,ACO092
Science,$549513,SCI093
Arts,$2289015,ART094
Film,$1616502,FIL095
Acounting,$1689595,ACO096
Media,$4288482,MED097
Science,$9816766,SCI098
IT,$2446910,IT_099
Banking,$3296044,BAN100
IT,$2191135,IT_101
Finace,$5901660,FIN102
Law,$1961816,LAW103
Science,$4512712,SCI104
Construction,$1992152,CON105
Water,$9389075,WAT106
Charity,$4853698,CHA107
Arts,$3554897,ART108
Lesiure,$1682569,LES109
Science,$7812798,SCI110
Game Development,$3220762,GAM111
Education,$9175696,EDU112
Healthcare,$6188855,HEA113
Business,$113237,BUS114
Finace,$7607269,FIN115
Marketing,$8194580,MAR116
Finace,$6777657,FIN117
Education,$5458588,EDU118
Consulting,$9349978,CON119
Media,$8244553,MED120
Consulting,$5606341,CON121
Energy,$1552529,ENE122
Agriculture,$8751192,AGR123
Film,$56377,FIL124
Retail,$3934694,RET125
Arts,$9478679,ART126
Charity,$4340167,CHA127
Real Estate,$9632840,REA128
Business,$166293,BUS129
Energy,$3685912,ENE130
Enviroment,$7163543,ENV131
Lesiure,$4740242,LES132
Film,$349440,FIL133
Business,$3068290,BUS134
Healthcare,$8627002,HEA135
Energy,$8996644,ENE136
Retail,$6557251,RET137
Charity,$5276433,CHA138
Consulting,$697803,CON139
Real Estate,$8611694,REA140
Media,$8966987,MED141
Lesiure,$2145200,LES142
Water,$5813730,WAT143
Energy,$833386,ENE144
Enviroment,$9657422,ENV145
Marketing,$5707455,MAR146
Energy,$1861634,ENE147
Arts,$6031312,ART148
Engineering,$3013795,ENG149
Law,$3391002,LAW150
Acounting,$5670668,ACO151
Game Development,$292259,GAM152
Acounting,$2597812,ACO153
Engineering,$5254340,ENG154
Banking,$7359448,BAN155
Film,$1601585,FIL156
Real Estate,$5731565,REA157
Government,$3703524,GOV158
Marketing,$5880758,MAR159
Media,$6713058,MED160
Arts,$9247988,ART161
Arts,$4898174,ART162
Film,$145150,FIL163
Business,$3702994,BUS164
Lesiure,$8044727,LES165
Lesiure,$763750,LES166
Real Estate,$1339933,REA167
Retail,$9094096,RET168
Construction,$1714194,CON169
Science,$5862531,SCI170
Science,$7565398,SCI171
IT,$1433542,IT_172
Engineering,$2801559,ENG173
Banking,$1876884,BAN174
Acounting,$1284061,ACO175
Retail,$1210854,RET176
Real Estate,$3057424,REA177
Pharmaceuticals,$3239230,PHA178
Retail,$4612801,RET179
IT,$2347776,IT_180
Business,$9871831,BUS181
Business,$8973323,BUS182
Agriculture,$5613394,AGR183
Game Development,$1820978,GAM184
Retail,$437649,RET185
Engineering,$4406976,ENG186
Business,$9454859,BUS187
Consulting,$4680577,CON188
Media,$7286022,MED189
Construction,$8662452,CON190
Transport,$703210,TRA191
Lesiure,$8527342,LES192
Lesiure,$6123981,LES193
Marketing,$8400002,MAR194
Water,$6117904,WAT195
Game Development,$25352,GAM196
Lesiure,$3708989,LES197
Enviroment,$9504007,ENV198
Law,$8404779,LAW199
Business,$4813103,BUS200
Media,$3414506,MED201
Banking,$3976501,BAN202
Marketing,$9484340,MAR203
Enviroment,$9331128,ENV204
Pharmaceuticals,$8859256,PHA205
Arts,$4278303,ART206
Acounting,$4640162,ACO207
Game Development,$3501077,GAM208
Enviroment,$7730365,ENV209
Pharmaceuticals,$5475829,PHA210
Construction,$3129195,CON211
Education,$4652835,EDU212
IT,$2800560,IT_213
Energy,$9399915,ENE214
Water,$116951,WAT215
Construction,$9726444,CON216
Game Development,$6302180,GAM217
Film,$6161283,FIL218
Government,$8309439,GOV219
Game Development,$2402258,GAM220
Finace,$8352960,FIN221
Lesiure,$4395165,LES222
Enviroment,$811337,ENV223
Government,$5107809,GOV224
Water,$2478920,WAT225
Marketing,$2428337,MAR226
Arts,$7599569,ART227
Pharmaceuticals,$2617239,PHA228
Enviroment,$9233864,ENV229
Transport,$6164813,TRA230
Energy,$7762914,ENE231
Education,$7953187,EDU232
Energy,$8691772,ENE233
Law,$3183165,LAW234
Retail,$4367456,RET235
IT,$9793216,IT_236
Healthcare,$8159190,HEA237
Engineering,$1679286,ENG238
Charity,$8764739,CHA239
Game Development,$3019634,GAM240
Engineering,$4466272,ENG241
Banking,$6090899,BAN242
Agriculture,$3091778,AGR243
Business,$7107186,BUS244
Enviroment,$6065591,ENV245
Marketing,$7823166,MAR246
Marketing,$9983559,MAR247
Media,$9610251,MED248
Marketing,$4810839,MAR249
Game Development,$5202433,GAM250
Acounting,$8523443,ACO251
Enviroment,$466804,ENV252
Healthcare,$1332492,HEA253
Film,$5066529,FIL254
Consulting,$6625039,CON255
Energy,$84668,ENE256
Healthcare,$4736774,HEA257
Retail,$685594,RET258
Real Estate,$639275,REA259
Game Development,$6928668,GAM260
Energy,$9877095,ENE261
Real Estate,$5444717,REA262
Agriculture,$8390020,AGR263
Marketing,$7301192,MAR264
IT,$3131243,IT_265
Construction,$8525796,CON266
Media,$8150006,MED267
Charity,$6938473,CHA268
Business,$8908766,BUS269
Law,$4690538,LAW270
Agriculture,$3109846,AGR271
Energy,$4163735,ENE272
IT,$7272502,IT_273
Marketing,$2056182,MAR274
Law,$9557874,LAW275
Retail,$5768492,RET276
Acounting,$8791679,ACO277
Pharmaceuticals,$516743,PHA278
Real Estate,$1414124,REA279
Retail,$4365058,RET280
Education,$6978495,EDU281
Acounting,$4985443,ACO282
Government,$5881553,GOV283
Real Estate,$1251379,REA284
Game Development,$2066248,GAM285
Energy,$6192659,ENE286
Transport,$6004000,TRA287
Agriculture,$6685303,AGR288
Game Development,$2754201,GAM289
Enviroment,$1389206,ENV290
Agriculture,$2380353,AGR291
Agriculture,$3480209,AGR292
Charity,$1110406,CHA293
Science,$4299892,SCI294
Energy,$2810396,ENE295
Game Development,$6172027,GAM296
Construction,$2224124,CON297
Game Development,$3394977,GAM298
Agriculture,$3033173,AGR299
Law,$6428302,LAW300
Banking,$7079230,BAN301
Consulting,$1162350,CON302
Pharmaceuticals,$9680656,PHA303
Acounting,$7013589,ACO304
Healthcare,$1507248,HEA305
Pharmaceuticals,$5261241,PHA306
Real Estate,$9548428,REA307
Enviroment,$8391630,ENV308
Law,$9173866,LAW309
Arts,$82113,ART310
Pharmaceuticals,$7565711,PHA311
Transport,$4817090,TRA312
Science,$833132,SCI313
Water,$2974064,WAT314
Finace,$6008138,FIN315
Film,$8545076,FIL316
Media,$5159699,MED317
Engineering,$3005722,ENG318
Marketing,$2355452,MAR319
Science,$3780779,SCI320
Business,$4370984,BUS321
Acounting,$5896990,ACO322
Retail,$4891349,RET323
Marketing,$4719955,MAR324
Consulting,$9770329,CON325
Marketing,$4647130,MAR326
Enviroment,$5117581,ENV327
Transport,$9454409,TRA328
IT,$8695338,IT_329
Consulting,$4452829,CON330
Energy,$6413908,ENE331
Lesiure,$7423316,LES332
Game Development,$4767201,GAM333
Engineering,$3327839,ENG334
Transport,$3777570,TRA335
Marketing,$8714183,MAR336
IT,$5423220,IT_337
Government,$3612823,GOV338
Education,$2367662,EDU339
Retail,$7780158,RET340
Finace,$796282,FIN341
Retail,$7772371,RET342
Transport,$4249831,TRA343
Government,$7197,GOV344
Education,$6256715,EDU345
Agriculture,$3122005,AGR346
Energy,$2108410,ENE347
Enviroment,$1390596,ENV348
Film,$83701,FIL349
Business,$1775831,BUS350
Marketing,$7839111,MAR351
Energy,$697041,ENE352
Energy,$4586706,ENE353
Transport,$873300,TRA354
Lesiure,$4492585,LES355
Charity,$4001757,CHA356
Arts,$6362882,ART357
Law,$9650751,LAW358
Retail,$4024417,RET359
Retail,$4775113,RET360
Construction,$4726763,CON361
Pharmaceuticals,$4257982,PHA362
Charity,$8365757,CHA363
Education,$1906855,EDU364
Media,$1619476,MED365
Charity,$3367903,CHA366
Lesiure,$4897522,LES367
Business,$373738,BUS368
Banking,$3627865,BAN369
Game Development,$905313,GAM370
Energy,$9009292,ENE371
Arts,$2496983,ART372
Construction,$7452531,CON373
Pharmaceuticals,$6007278,PHA374
Law,$5040587,LAW375
IT,$1904516,IT_376
Film,$2382109,FIL377
Real Estate,$4413429,REA378
Pharmaceuticals,$991910,PHA379
Energy,$9934504,ENE380
Healthcare,$5012767,HEA381
Real Estate,$1519567,REA382
Media,$7225516,MED383
Arts,$8971427,ART384
IT,$7946608,IT_385
IT,$2311405,IT_386
Retail,$902912,RET387
Real Estate,$3700009,REA388
Enviroment,$7313125,ENV389
Media,$7485504,MED390
Enviroment,$1796932,ENV391
Consulting,$1824793,CON392
Transport,$2632483,TRA393
Arts,$6551200,ART394
Real Estate,$5519993,REA395
Lesiure,$4701086,LES396
Consulting,$2261119,CON397
Transport,$8320705,TRA398
Law,$7886274,LAW399
Pharmaceuticals,$583951,PHA400
Transport,$3218656,TRA401
Engineering,$9058807,ENG402
Law,$5540163,LAW403
Pharmaceuticals,$8873582,PHA404
Charity,$3891979,CHA405
Consulting,$8286153,CON406
Acounting,$187527,ACO407
Engineering,$4693778,ENG408
Charity,$7992912,CHA409
Banking,$4930538,BAN410
Energy,$5737777,ENE411
Banking,$7269443,BAN412
Engineering,$1847146,ENG413
Real Estate,$4606311,REA414
Game Development,$8875186,GAM415
Charity,$8490715,CHA416
Film,$3470113,FIL417
Lesiure,$104706,LES418
Consulting,$4331654,CON419
Science,$6607923,SCI420
Agriculture,$3632824,AGR421
Charity,$2299912,CHA422
Business,$1989516,BUS423
Transport,$2656367,TRA424
Education,$8952126,EDU425
Education,$7871241,EDU426
Engineering,$3394175,ENG427
Retail,$767477,RET428
Game Development,$5799437,GAM429
Retail,$6383598,RET430
Water,$8672845,WAT431
Water,$5992200,WAT432
Education,$9914187,EDU433
Marketing,$8640544,MAR434
Agriculture,$8915790,AGR435
Law,$4930435,LAW436
Game Development,$1273553,GAM437
Charity,$3825925,CHA438
IT,$1425330,IT_439
Charity,$1498825,CHA440
Arts,$5775544,ART441
Business,$5030520,BUS442
Charity,$3632990,CHA443
Game Development,$9902207,GAM444
Marketing,$9384476,MAR445
Water,$9933858,WAT446
Acounting,$1716789,ACO447
Government,$4760969,GOV448
Transport,$9795230,TRA449
Consulting,$8883999,CON450
Banking,$9195668,BAN451
Agriculture,$5854933,AGR452
Engineering,$2066072,ENG453
Charity,$5837959,CHA454
Water,$9403271,WAT455
Government,$3130602,GOV456
Transport,$6781155,TRA457
Film,$6673325,FIL458
Retail,$205687,RET459
Enviroment,$7317802,ENV460
Game Development,$6965509,GAM461
Retail,$169297,RET462
Finace,$8041123,FIN463
Charity,$2612705,CHA464
Transport,$9026473,TRA465
Lesiure,$733399,LES466
Retail,$1444713,RET467
Consulting,$3136290,CON468
Enviroment,$1539577,ENV469
Film,$1814016,FIL470
Healthcare,$2037258,HEA471
Science,$4529294,SCI472
Media,$3224126,MED473
Film,$2032373,FIL474
Pharmaceuticals,$6686184,PHA475
Healthcare,$4019806,HEA476
Film,$4739058,FIL477
Arts,$3962460,ART478
Energy,$3028771,ENE479
Water,$6380794,WAT480
Law,$8530212,LAW481
Game Development,$1204322,GAM482
Consulting,$8381586,CON483
Education,$7585086,EDU484
Media,$219418,MED485
Lesiure,$2507392,LES486
Film,$5838885,FIL487
Finace,$6642501,FIN488
Construction,$1073945,CON489
Agriculture,$2114997,AGR490
Game Development,$9216776,GAM491
Science,$2624459,SCI492
Education,$1433575,EDU493
Law,$1576577,LAW494
Acounting,$289844,ACO495
Acounting,$4262574,ACO496
Agriculture,$8531387,AGR497
Pharmaceuticals,$7632081,PHA498
Business,$9667044,BUS499
Banking,$6375384,BAN500
Engineering,$1970190,ENG501
Science,$2658784,SCI502
IT,$7341974,IT_503
Energy,$2288454,ENE504
Consulting,$5638935,CON505
Science,$5364487,SCI506
Water,$5099228,WAT507
Game Development,$981206,GAM508
Education,$1232338,EDU509
Energy,$6288628,ENE510
Media,$6751591,MED511
Game Development,$3634689,GAM512
Retail,$3818225,RET513
Media,$7737066,MED514
Charity,$4045592,CHA515
Marketing,$5930396,MAR516
Business,$8207644,BUS517
Retail,$9678338,RET518
Lesiure,$1132777,LES519
Consulting,$8184832,CON520
Media,$1901316,MED521
Business,$3275459,BUS522
Water,$7451812,WAT523
Arts,$1690122,ART524
Enviroment,$2867119,ENV525
Education,$6957058,EDU526
Acounting,$5314792,ACO527
Pharmaceuticals,$9189752,PHA528
IT,$192807,IT_529
Charity,$1635618,CHA530
Energy,$5682025,ENE531
Game Development,$2141074,GAM532
Retail,$4238151,RET533
Construction,$8123429,CON534
Retail,$6500343,RET535
Healthcare,$3034340,HEA536
Arts,$7053766,ART537
Agriculture,$4806115,AGR538
Charity,$5736429,CHA539
Retail,$2182990,RET540
Consulting,$4545044,CON541
Charity,$3009655,CHA542
Law,$9192821,LAW543
Transport,$1434723,TRA544
Science,$6202041,SCI545
Acounting,$3370921,ACO546
Pharmaceuticals,$8804125,PHA547
Transport,$6491960,TRA548
Agriculture,$3334003,AGR549
Retail,$1943222,RET550
Acounting,$8902562,ACO551
Business,$2166301,BUS552
Transport,$961072,TRA553
Healthcare,$5930315,HEA554
Consulting,$6948260,CON555
Banking,$8740908,BAN556
Water,$9056360,WAT557
Enviroment,$4121678,ENV558
Healthcare,$9770996,HEA559
Pharmaceuticals,$9314449,PHA560
Game Development,$8068281,GAM561
Marketing,$799983,MAR562
Law,$7957263,LAW563
Lesiure,$8381747,LES564
Business,$3347412,BUS565
Business,$3934507,BUS566
Banking,$7347664,BAN567
Banking,$2025059,BAN568
Pharmaceuticals,$2281008,PHA569
Construction,$3930225,CON570
Lesiure,$9036014,LES571
Healthcare,$9369452,HEA572
IT,$7299137,IT_573
Water,$7484879,WAT574
Retail,$5627150,RET575
Education,$2868954,EDU576
Real Estate,$7148972,REA577
Arts,$8588609,ART578
Consulting,$8987192,CON579
Marketing,$389780,MAR580
Real Estate,$8213388,REA581
Arts,$3318894,ART582
Banking,$5097096,BAN583
Lesiure,$7469826,LES584
Enviroment,$1350598,ENV585
Energy,$7741854,ENE586
Charity,$5872691,CHA587
Film,$8646669,FIL588
IT,$3044229,IT_589
Education,$9352778,EDU590
Film,$8105838,FIL591
Retail,$3990392,RET592
Agriculture,$5263375,AGR593
Energy,$8620348,ENE594
Energy,$4486074,ENE595
Science,$8277325,SCI596
Science,$8186328,SCI597
Banking,$2119797,BAN598
Water,$4874201,WAT599
Law,$6967136,LAW600
Construction,$48068,CON601
Water,$3163105,WAT602
Media,$6669850,MED603
Retail,$7994186,RET604
Game Development,$9084090,GAM605
Business,$8012095,BUS606
Consulting,$9031248,CON607
Charity,$714125,CHA608
Water,$7428393,WAT609
Agriculture,$6818994,AGR610
Transport,$6077770,TRA611
Consulting,$3042208,CON612
IT,$5618968,IT_613
Finace,$6439581,FIN614
Finace,$4543743,FIN615
Game Development,$4397959,GAM616
Game Development,$1835089,GAM617
Education,$5989609,EDU618
Charity,$2098859,CHA619
Science,$2518213,SCI620
Finace,$2896763,FIN621
Agriculture,$3374777,AGR622
Lesiure,$583729,LES623
Construction,$7098122,CON624
Enviroment,$329173,ENV625
Charity,$7826718,CHA626
Acounting,$3781871,ACO627
Law,$1980165,LAW628
Agriculture,$8833716,AGR629
Business,$530415,BUS630
Acounting,$9836209,ACO631
Enviroment,$5809879,ENV632
Marketing,$8927113,MAR633
Education,$7967249,EDU634
Marketing,$2548768,MAR635
Consulting,$7878567,CON636
Water,$532428,WAT637
Pharmaceuticals,$2084672,PHA638
Retail,$156944,RET639
Government,$6033069,GOV640
Finace,$1981144,FIN641
Real Estate,$6178617,REA642
Construction,$7510539,CON643
Healthcare,$7046182,HEA644
Construction,$1739892,CON645
IT,$1217251,IT_646
Media,$7897424,MED647
Water,$1907652,WAT648
Healthcare,$7359461,HEA649
Banking,$5415316,BAN650
Government,$3921993,GOV651
Government,$4741794,GOV652
Business,$4776246,BUS653
Arts,$1234092,ART654
Real Estate,$5808704,REA655
Enviroment,$9910737,ENV656
IT,$5022605,IT_657
Agriculture,$2108736,AGR658
Marketing,$711599,MAR659
Charity,$7517493,CHA660
Game Development,$3394968,GAM661
IT,$8472568,IT_662
IT,$3756517,IT_663
Construction,$7768564,CON664
Lesiure,$5191016,LES665
Film,$5155952,FIL666
Agriculture,$7184243,AGR667
Law,$5633048,LAW668
Education,$8680498,EDU669
Law,$6791903,LAW670
Media,$6091200,MED671
Banking,$6151854,BAN672
Law,$7263589,LAW673
Business,$7629918,BUS674
Marketing,$5505792,MAR675
Government,$9466663,GOV676
Acounting,$7248454,ACO677
Real Estate,$1362383,REA678
IT,$6696199,IT_679
Lesiure,$7409352,LES680
Arts,$3085334,ART681
Healthcare,$6998610,HEA682
Lesiure,$6067392,LES683
Media,$6473312,MED684
Business,$9597971,BUS685
Game Development,$6425648,GAM686
Agriculture,$6774646,AGR687
Business,$3468149,BUS688
Lesiure,$4732457,LES689
Energy,$7066127,ENE690
Retail,$9117450,RET691
Banking,$632819,BAN692
Consulting,$3321393,CON693
Retail,$4531918,RET694
Energy,$3979443,ENE695
Construction,$3554032,CON696
Healthcare,$1338767,HEA697
Engineering,$1657685,ENG698
Film,$1044352,FIL699
Energy,$1828262,ENE700
Agriculture,$7418701,AGR701
IT,$4633378,IT_702
Water,$3963834,WAT703
Media,$156324,MED704
Game Development,$9986188,GAM705
Engineering,$8223218,ENG706
Business,$8315005,BUS707
Game Development,$6461219,GAM708
Retail,$6197019,RET709
IT,$430682,IT_710
Education,$993832,EDU711
Film,$7442425,FIL712
Game Development,$2467187,GAM713
Film,$3802575,FIL714
Government,$2297431,GOV715
Construction,$7957833,CON716
Agriculture,$9986740,AGR717
Finace,$4895091,FIN718
Finace,$9522825,FIN719
Government,$4092386,GOV720
Engineering,$6624579,ENG721
Charity,$2912784,CHA722
Retail,$2732196,RET723
Agriculture,$3514656,AGR724
Marketing,$5316433,MAR725
Agriculture,$7354573,AGR726
Science,$275238,SCI727
Banking,$589403,BAN728
Retail,$3589046,RET729
Arts,$1041690,ART730
Science,$2676123,SCI731
Game Development,$4855237,GAM732
Government,$635555,GOV733
Film,$2887371,FIL734
Education,$6575957,EDU735
Banking,$4608576,BAN736
IT,$8212274,IT_737
Marketing,$5669987,MAR738
Engineering,$6666899,ENG739
Finace,$2186874,FIN740
Media,$8882694,MED741
Film,$8065297,FIL742
Marketing,$331983,MAR743
Science,$2762011,SCI744
Pharmaceuticals,$8689820,PHA745
Film,$778434,FIL746
Finace,$8107036,FIN747
Education,$6494955,EDU748
Transport,$3227219,TRA749
Healthcare,$6760934,HEA750
Healthcare,$6455261,HEA751
Construction,$8463377,CON752
Energy,$4703300,ENE753
Enviroment,$8073857,ENV754
Transport,$2358101,TRA755
Acounting,$5007331,ACO756
Film,$7817992,FIL757
Education,$6688646,EDU758
Media,$2066318,MED759
Enviroment,$8260138,ENV760
Water,$1814605,WAT761
Retail,$8760884,RET762
Real Estate,$7298919,REA763
Lesiure,$6941914,LES764
Business,$7969157,BUS765
Banking,$2499087,BAN766
Finace,$2114923,FIN767
Healthcare,$6801373,HEA768
Science,$4502782,SCI769
Banking,$5401895,BAN770
Enviroment,$9532148,ENV771
Charity,$5050281,CHA772
Government,$33879,GOV773
Finace,$6849484,FIN774
Healthcare,$6479156,HEA775
Marketing,$5317973,MAR776
Consulting,$2084803,CON777
Finace,$1045788,FIN778
Water,$3147348,WAT779
Pharmaceuticals,$5194142,PHA780
Transport,$1196751,TRA781
Law,$8268190,LAW782
IT,$3318014,IT_783
Government,$5216946,GOV784
Energy,$1046162,ENE785
Marketing,$7555557,MAR786
Lesiure,$1370683,LES787
Film,$8875812,FIL788
Real Estate,$309937,REA789
Education,$6212806,EDU790
Agriculture,$7238083,AGR791
Engineering,$9338997,ENG792
Enviroment,$1202524,ENV793
Energy,$1435262,ENE794
Acounting,$6756311,ACO795
Enviroment,$8735340,ENV796
Pharmaceuticals,$5271679,PHA797
Pharmaceuticals,$5395487,PHA798
Education,$9306996,EDU799
Media,$5544569,MED800
