Finace,$7186890,FIN001
Lesiure,$990256,LES002
Pharmaceuticals,$8768474,PHA003
Government,$6463252,GOV004
Agriculture,$6294760,AGR005
Retail,$3862729,RET006
Pharmaceuticals,$6148949,PHA007
Enviroment,$5443179,ENV008
Arts,$3936133,ART009
Healthcare,$5979304,HEA010
Education,$8594376,EDU011
Arts,$5451143,ART012
Construction,$8936845,CON013
Charity,$6103071,CHA014
Science,$8728985,SCI015
Water,$8946486,WAT016
Construction,$4431597,CON017
Engineering,$8168911,ENG018
Agriculture,$6321509,AGR019
Finace,$2831929,FIN020
Engineering,$7296228,ENG021
IT,$7138422,IT022
Media,$7441084,MED023
Law,$2278296,LAW024
Lesiure,$7217068,LES025
Acounting,$1243648,ACO026
Arts,$2987266,ART027
Consulting,$2337708,CON028
Consulting,$6279164,CON029
Agriculture,$1058727,AGR030
Enviroment,$4920948,ENV031
Consulting,$2775672,CON032
IT,$7814926,IT033
Media,$5204361,MED034
Enviroment,$214823,ENV035
IT,$5686545,IT036
Retail,$4129043,RET037
Charity,$8809170,CHA038
Water,$8155338,WAT039
Law,$8326481,LAW040
Construction,$3099147,CON041
Energy,$3537472,ENE042
Lesiure,$9424949,LES043
Lesiure,$4710171,LES044
Film,$9692016,FIL045
Engineering,$1924190,ENG046
Finace,$3254158,FIN047
Engineering,$5747707,ENG048
Pharmaceuticals,$2177397,PHA049
IT,$1352150,IT050
Retail,$1582906,RET051
Banking,$7781944,BAN052
Science,$7724767,SCI053
Game Development,$2853564,GAM054
Lesiure,$5764517,LES055
Healthcare,$9093054,HEA056
Finace,$8477989,FIN057
Retail,$7303874,RET058
Arts,$9355099,ART059
Healthcare,$699986,HEA060
Construction,$252920,CON061
IT,$9654558,IT062
Agriculture,$1206937,AGR063
Agriculture,$4146203,AGR064
Business,$7525199,BUS065
Government,$8249065,GOV066
Lesiure,$4711427,LES067
Agriculture,$8236763,AGR068
Business,$6450670,BUS069
Arts,$3031491,ART070
Energy,$3854037,ENE071
Agriculture,$2435013,AGR072
Education,$3214294,EDU073
Energy,$4585551,ENE074
Acounting,$980146,ACO075
Transport,$9949946,TRA076
Business,$1366299,BUS077
Media,$2578576,MED078
Science,$9379479,SCI079
Water,$3059320,WAT080
Lesiure,$5625611,LES081
Construction,$3230601,CON082
Energy,$9317394,ENE083
Media,$1855102,MED084
Retail,$3125596,RET085
Retail,$9387131,RET086
Consulting,$2710446,CON087
IT,$5262195,IT088
Marketing,$1356677,MAR089
Engineering,$5253777,ENG090
Energy,$4222542,ENE091
Consulting,$9229777,CON092
Finace,$4722716,FIN093
Lesiure,$8377532,LES094
Energy,$5093506,ENE095
Enviroment,$5139869,ENV096
Real Estate,$8845389,REA097
Education,$9870464,EDU098
Retail,$8753004,RET099
Education,$8973076,EDU100
Arts,$5372361,ART101
Business,$2104589,BUS102
Finace,$772793,FIN103
Business,$2676277,BUS104
Enviroment,$3772741,ENV105
Education,$7603615,EDU106
Retail,$8635156,RET107
Energy,$3698884,ENE108
Acounting,$3893233,ACO109
IT,$3496009,IT110
Science,$3708127,SCI111
Transport,$9762553,TRA112
IT,$8117720,IT113
Transport,$2733064,TRA114
Finace,$2783290,FIN115
Game Development,$4511996,GAM116
Lesiure,$6761278,LES117
Engineering,$4707127,ENG118
Law,$5279243,LAW119
Pharmaceuticals,$9166420,PHA120
Acounting,$2354675,ACO121
IT,$8972989,IT122
Education,$5334154,EDU123
Healthcare,$499506,HEA124
Real Estate,$3406018,REA125
Media,$1751742,MED126
Science,$7211260,SCI127
Engineering,$5253516,ENG128
Engineering,$5097080,ENG129
Transport,$9543496,TRA130
Arts,$5422102,ART131
Construction,$8067696,CON132
Agriculture,$9491731,AGR133
Pharmaceuticals,$6773241,PHA134
Enviroment,$9178373,ENV135
Energy,$3177076,ENE136
Retail,$9706847,RET137
Acounting,$2562242,ACO138
Pharmaceuticals,$8135213,PHA139
Agriculture,$2795487,AGR140
Arts,$6277988,ART141
Science,$8685645,SCI142
Film,$2649374,FIL143
Energy,$6748474,ENE144
Pharmaceuticals,$5611208,PHA145
Agriculture,$142818,AGR146
Marketing,$4617780,MAR147
Government,$2175654,GOV148
Enviroment,$2074307,ENV149
Construction,$8104873,CON150
Media,$4802502,MED151
Banking,$3836325,BAN152
Water,$5342355,WAT153
Enviroment,$6844753,ENV154
Healthcare,$4199747,HEA155
Finace,$5599778,FIN156
Education,$2843334,EDU157
Energy,$4753414,ENE158
Real Estate,$9334479,REA159
Pharmaceuticals,$9402971,PHA160
Science,$2061554,SCI161
Arts,$6723828,ART162
Law,$7030398,LAW163
Business,$4692271,BUS164
Marketing,$8802574,MAR165
Lesiure,$8843000,LES166
Engineering,$8385458,ENG167
Government,$2505517,GOV168
Energy,$7830524,ENE169
Lesiure,$9882146,LES170
Retail,$6900546,RET171
Acounting,$3203551,ACO172
Healthcare,$7302937,HEA173
IT,$9967136,IT174
Government,$4723775,GOV175
Energy,$486393,ENE176
IT,$7327659,IT177
Charity,$1566228,CHA178
Healthcare,$7773951,HEA179
Charity,$6154259,CHA180
Retail,$6606719,RET181
Agriculture,$6983778,AGR182
Energy,$9108430,ENE183
Construction,$1727460,CON184
Water,$3158341,WAT185
Healthcare,$782325,HEA186
Enviroment,$4916878,ENV187
Pharmaceuticals,$418567,PHA188
Banking,$9099483,BAN189
Business,$2881612,BUS190
Business,$7809983,BUS191
Law,$236617,LAW192
Media,$2970074,MED193
Construction,$2237934,CON194
Healthcare,$4155500,HEA195
Finace,$250317,FIN196
Lesiure,$8434785,LES197
Government,$439404,GOV198
Banking,$2085011,BAN199
Law,$2089777,LAW200
Education,$2821798,EDU201
IT,$7696375,IT202
Water,$3253024,WAT203
Healthcare,$5229130,HEA204
Energy,$9457778,ENE205
Enviroment,$4064852,ENV206
Film,$6615133,FIL207
Enviroment,$6533290,ENV208
Retail,$1938824,RET209
Business,$7260334,BUS210
Film,$2145158,FIL211
Marketing,$7860666,MAR212
Real Estate,$1033008,REA213
IT,$2656317,IT214
Consulting,$3185400,CON215
Consulting,$4834263,CON216
Arts,$5691254,ART217
Finace,$4010615,FIN218
Construction,$5429208,CON219
Acounting,$7379663,ACO220
Energy,$2515735,ENE221
Game Development,$6779381,GAM222
Engineering,$8520172,ENG223
Media,$5338564,MED224
Law,$3927921,LAW225
Media,$1617525,MED226
Energy,$5106940,ENE227
Law,$8184359,LAW228
Consulting,$3951610,CON229
Law,$8243427,LAW230
Construction,$9249384,CON231
Pharmaceuticals,$8504453,PHA232
Pharmaceuticals,$1579777,PHA233
Film,$3553646,FIL234
Arts,$6605589,ART235
Film,$8729583,FIL236
Consulting,$1107978,CON237
Government,$3536773,GOV238
Pharmaceuticals,$5758255,PHA239
Arts,$8928390,ART240
Healthcare,$8829432,HEA241
Media,$7001825,MED242
Education,$4829715,EDU243
Arts,$6266459,ART244
Media,$6596273,MED245
Consulting,$8586012,CON246
Real Estate,$2453773,REA247
Engineering,$1945730,ENG248
Finace,$537590,FIN249
Enviroment,$2124644,ENV250
Banking,$9225075,BAN251
Film,$3564311,FIL252
Finace,$3322932,FIN253
Pharmaceuticals,$2709305,PHA254
Government,$4362930,GOV255
Media,$4423409,MED256
Engineering,$6355109,ENG257
Business,$6711751,BUS258
Banking,$1174116,BAN259
Water,$4936635,WAT260
Film,$9503955,FIL261
Banking,$782155,BAN262
Enviroment,$3269043,ENV263
Science,$9704608,SCI264
Arts,$4725438,ART265
Transport,$1558988,TRA266
Film,$8214791,FIL267
Charity,$5157918,CHA268
Banking,$4594757,BAN269
Retail,$602723,RET270
Law,$9834875,LAW271
Film,$6591176,FIL272
Transport,$4833332,TRA273
Transport,$2754490,TRA274
Engineering,$5007910,ENG275
Arts,$191306,ART276
Education,$2022716,EDU277
Real Estate,$8998603,REA278
Construction,$4370150,CON279
Engineering,$3384480,ENG280
Law,$9867233,LAW281
Lesiure,$6090376,LES282
Charity,$1040618,CHA283
Education,$6787112,EDU284
Law,$5925780,LAW285
Acounting,$9375252,ACO286
Charity,$1915035,CHA287
Arts,$6636881,ART288
Media,$3272844,MED289
Media,$66573,MED290
Construction,$2626954,CON291
Banking,$8892293,BAN292
Game Development,$8684324,GAM293
Business,$7614989,BUS294
Construction,$9729326,CON295
Charity,$4169322,CHA296
Healthcare,$6089717,HEA297
Construction,$2570820,CON298
Media,$9301694,MED299
Marketing,$8387889,MAR300
Consulting,$1258648,CON301
Construction,$6434322,CON302
Retail,$7678664,RET303
Finace,$1294970,FIN304
Arts,$6290432,ART305
Science,$1051782,SCI306
Retail,$3073723,RET307
Game Development,$5262503,GAM308
Arts,$7180947,ART309
Acounting,$6845114,ACO310
Lesiure,$4023144,LES311
Charity,$5434378,CHA312
Enviroment,$6988606,ENV313
Arts,$821901,ART314
Education,$6301832,EDU315
Marketing,$1931478,MAR316
Engineering,$3625629,ENG317
Retail,$6630175,RET318
Water,$5486941,WAT319
Agriculture,$4549597,AGR320
Charity,$8637044,CHA321
Energy,$9546733,ENE322
Charity,$6303671,CHA323
Arts,$7225199,ART324
Real Estate,$6708570,REA325
Transport,$7624957,TRA326
IT,$123334,IT327
Arts,$1760555,ART328
Engineering,$4677324,ENG329
Consulting,$2756617,CON330
Engineering,$6335376,ENG331
Pharmaceuticals,$3111628,PHA332
Science,$8752937,SCI333
Government,$2376641,GOV334
Government,$677707,GOV335
Media,$9117762,MED336
Education,$9122923,EDU337
Business,$4881733,BUS338
Consulting,$599939,CON339
Healthcare,$2582880,HEA340
Consulting,$5426242,CON341
Law,$7126901,LAW342
Game Development,$1072431,GAM343
Arts,$2341355,ART344
Pharmaceuticals,$7807889,PHA345
Transport,$3472527,TRA346
Game Development,$7860956,GAM347
Education,$5277010,EDU348
Pharmaceuticals,$2473250,PHA349
Arts,$6595191,ART350
Acounting,$1565073,ACO351
Acounting,$4148072,ACO352
Real Estate,$3692573,REA353
Engineering,$7047196,ENG354
Consulting,$7724795,CON355
Media,$3083820,MED356
Real Estate,$6340348,REA357
Healthcare,$1686340,HEA358
Game Development,$1473416,GAM359
Arts,$1227238,ART360
IT,$8932078,IT361
Arts,$1174328,ART362
Energy,$5095706,ENE363
Healthcare,$4702753,HEA364
Government,$7903764,GOV365
Law,$8235301,LAW366
Retail,$7675736,RET367
Water,$9057057,WAT368
Pharmaceuticals,$8386147,PHA369
IT,$8162703,IT370
Business,$2507159,BUS371
Energy,$1106064,ENE372
Engineering,$3384148,ENG373
Marketing,$4239358,MAR374
Law,$9967187,LAW375
Lesiure,$7096121,LES376
Media,$9191568,MED377
Water,$8575007,WAT378
Charity,$5307020,CHA379
Healthcare,$645580,HEA380
IT,$8241338,IT381
Real Estate,$1404004,REA382
Transport,$6373818,TRA383
Pharmaceuticals,$5117314,PHA384
Acounting,$3035018,ACO385
Water,$7803128,WAT386
Arts,$2200193,ART387
Water,$4328441,WAT388
Banking,$504587,BAN389
IT,$3215224,IT390
Water,$7191671,WAT391
Film,$4407426,FIL392
Enviroment,$980303,ENV393
Education,$8999429,EDU394
Healthcare,$5275425,HEA395
Marketing,$8483219,MAR396
Banking,$3876957,BAN397
Marketing,$3015766,MAR398
Pharmaceuticals,$9252834,PHA399
Film,$6696692,FIL400
Government,$2479857,GOV401
Education,$6766489,EDU402
Retail,$9187478,RET403
Marketing,$1893011,MAR404
Retail,$6418950,RET405
Media,$6807322,MED406
Marketing,$6914222,MAR407
Government,$8709187,GOV408
Education,$4321533,EDU409
Education,$5333411,EDU410
Law,$8130316,LAW411
Retail,$3725494,RET412
Retail,$1341299,RET413
Education,$4358367,EDU414
IT,$1056688,IT415
Retail,$616997,RET416
Charity,$4492244,CHA417
Lesiure,$1662549,LES418
IT,$8519257,IT419
Finace,$7358613,FIN420
Film,$3296616,FIL421
Engineering,$5598523,ENG422
Energy,$9931068,ENE423
Acounting,$8562514,ACO424
Banking,$6719666,BAN425
Water,$4327304,WAT426
Water,$2198925,WAT427
Arts,$9050896,ART428
Science,$5508070,SCI429
IT,$3571276,IT430
Pharmaceuticals,$4889709,PHA431
Banking,$4123237,BAN432
Consulting,$6499753,CON433
Charity,$9916782,CHA434
Enviroment,$9664485,ENV435
Arts,$6282114,ART436
Energy,$6033300,ENE437
Engineering,$5956428,ENG438
Arts,$7729269,ART439
Water,$5495371,WAT440
Transport,$1016621,TRA441
Energy,$8588864,ENE442
Energy,$3213310,ENE443
Film,$6758377,FIL444
Engineering,$6863101,ENG445
Game Development,$5414152,GAM446
Law,$1286522,LAW447
Real Estate,$69794,REA448
Finace,$623365,FIN449
Enviroment,$4633720,ENV450
Government,$9728819,GOV451
Real Estate,$7596341,REA452
Finace,$2325849,FIN453
Engineering,$1056441,ENG454
Film,$6843717,FIL455
Water,$5676717,WAT456
Banking,$1627454,BAN457
Acounting,$674880,ACO458
Marketing,$4463536,MAR459
Banking,$8192884,BAN460
Finace,$1427482,FIN461
Game Development,$6646708,GAM462
Enviroment,$8049988,ENV463
Transport,$9384215,TRA464
Arts,$8806138,ART465
Transport,$3014868,TRA466
Education,$5805247,EDU467
Charity,$934635,CHA468
Healthcare,$5444579,HEA469
Charity,$8409679,CHA470
Healthcare,$1675267,HEA471
Marketing,$7034537,MAR472
Media,$8485826,MED473
Film,$9902744,FIL474
Healthcare,$7373477,HEA475
Enviroment,$1875737,ENV476
Film,$7359576,FIL477
Pharmaceuticals,$7732254,PHA478
Government,$8824944,GOV479
Science,$2738156,SCI480
Consulting,$7273817,CON481
Marketing,$3451293,MAR482
Pharmaceuticals,$7513881,PHA483
Engineering,$6330151,ENG484
Lesiure,$9999909,LES485
Charity,$3762491,CHA486
Consulting,$4284830,CON487
Government,$7016289,GOV488
Acounting,$2932265,ACO489
Consulting,$2949315,CON490
Engineering,$9785882,ENG491
Finace,$7032746,FIN492
Engineering,$4158263,ENG493
Law,$2959891,LAW494
Water,$35613,WAT495
Finace,$8592321,FIN496
Agriculture,$686792,AGR497
Engineering,$6700979,ENG498
Game Development,$6911392,GAM499
Real Estate,$5744337,REA500
Consulting,$9754275,CON501
Energy,$1453694,ENE502
Lesiure,$7330019,LES503
Business,$6829677,BUS504
Agriculture,$1647362,AGR505
Retail,$4379072,RET506
Acounting,$3446782,ACO507
Government,$6847063,GOV508
Acounting,$4104769,ACO509
Retail,$4028632,RET510
Arts,$7318228,ART511
Arts,$8909734,ART512
Construction,$8983195,CON513
Law,$4946064,LAW514
Retail,$1863683,RET515
Consulting,$1348530,CON516
Finace,$1205403,FIN517
Water,$266549,WAT518
Real Estate,$7688628,REA519
Banking,$2466127,BAN520
IT,$5332448,IT521
Engineering,$9923198,ENG522
IT,$837477,IT523
Science,$566725,SCI524
Arts,$8444977,ART525
Arts,$706968,ART526
Consulting,$1160093,CON527
Film,$1639186,FIL528
Healthcare,$7056232,HEA529
Agriculture,$3286139,AGR530
Construction,$8643738,CON531
Education,$748160,EDU532
Construction,$3342579,CON533
Healthcare,$572449,HEA534
Construction,$8074994,CON535
Energy,$9813649,ENE536
Transport,$1431189,TRA537
Agriculture,$387228,AGR538
Healthcare,$7843948,HEA539
Agriculture,$1286600,AGR540
Finace,$7563337,FIN541
Real Estate,$7047691,REA542
Enviroment,$8085969,ENV543
Media,$3168779,MED544
Real Estate,$8312687,REA545
Banking,$9743212,BAN546
Energy,$6537964,ENE547
Engineering,$3452990,ENG548
Acounting,$6284605,ACO549
Government,$1627347,GOV550
Finace,$2927203,FIN551
Transport,$9000761,TRA552
Pharmaceuticals,$9969918,PHA553
Charity,$4600064,CHA554
Science,$3722969,SCI555
Enviroment,$5004472,ENV556
Film,$9224838,FIL557
Film,$4116058,FIL558
Marketing,$13234,MAR559
Lesiure,$3184125,LES560
Real Estate,$818075,REA561
Charity,$7318148,CHA562
Acounting,$5087219,ACO563
Agriculture,$459629,AGR564
Construction,$7232198,CON565
Agriculture,$6467652,AGR566
Finace,$962264,FIN567
Government,$8339680,GOV568
Retail,$1293591,RET569
Charity,$2946981,CHA570
Healthcare,$7701834,HEA571
Retail,$5783191,RET572
Charity,$4008612,CHA573
Consulting,$5724050,CON574
Pharmaceuticals,$3344347,PHA575
Science,$3785235,SCI576
Water,$8943551,WAT577
Agriculture,$7144642,AGR578
Pharmaceuticals,$4357286,PHA579
Law,$7598717,LAW580
Game Development,$3379375,GAM581
Enviroment,$4202172,ENV582
Consulting,$9571376,CON583
Film,$9553098,FIL584
IT,$7330198,IT585
Game Development,$8473943,GAM586
Enviroment,$7144306,ENV587
IT,$1620113,IT588
Construction,$3264428,CON589
Film,$1243917,FIL590
Healthcare,$6021333,HEA591
Education,$506957,EDU592
Marketing,$3271819,MAR593
Science,$2568938,SCI594
Finace,$8930427,FIN595
Film,$3803903,FIL596
IT,$8858055,IT597
Water,$4363419,WAT598
Media,$645931,MED599
Real Estate,$4791327,REA600
Education,$4177683,EDU601
Transport,$9228092,TRA602
Water,$4844487,WAT603
Lesiure,$4791463,LES604
Construction,$4517817,CON605
Retail,$1281716,RET606
Law,$2619147,LAW607
Business,$6890314,BUS608
Lesiure,$9747729,LES609
Consulting,$7417005,CON610
Consulting,$6341398,CON611
Business,$1352078,BUS612
Lesiure,$3830395,LES613
Finace,$6344104,FIN614
Marketing,$5513186,MAR615
IT,$6041701,IT616
Law,$7127407,LAW617
Energy,$6169008,ENE618
Film,$2917621,FIL619
Water,$8378783,WAT620
IT,$3671812,IT621
Arts,$9459028,ART622
Energy,$257337,ENE623
Agriculture,$2457364,AGR624
Game Development,$1393918,GAM625
Law,$7356121,LAW626
Retail,$4025295,RET627
Game Development,$6834671,GAM628
Transport,$9884240,TRA629
Acounting,$2788612,ACO630
Law,$5502039,LAW631
Consulting,$2463313,CON632
Pharmaceuticals,$8747142,PHA633
Pharmaceuticals,$1807717,PHA634
Energy,$2966565,ENE635
Real Estate,$9748314,REA636
Law,$2161105,LAW637
Retail,$8493837,RET638
Charity,$7468528,CHA639
Construction,$8823858,CON640
Enviroment,$7338488,ENV641
Acounting,$6429141,ACO642
IT,$4012256,IT643
IT,$5994389,IT644
Pharmaceuticals,$2981208,PHA645
Charity,$7830020,CHA646
Healthcare,$919360,HEA647
Film,$6342633,FIL648
Retail,$8013531,RET649
Water,$7650823,WAT650
Transport,$8880783,TRA651
Agriculture,$8627495,AGR652
Law,$6123011,LAW653
Charity,$6027954,CHA654
Finace,$418559,FIN655
Water,$4449474,WAT656
Retail,$4557389,RET657
Charity,$2496135,CHA658
Engineering,$2633643,ENG659
Transport,$6024837,TRA660
Business,$3990181,BUS661
Energy,$2667860,ENE662
Real Estate,$6660276,REA663
Game Development,$3325318,GAM664
Film,$5038592,FIL665
Enviroment,$2090060,ENV666
Retail,$8288671,RET667
Pharmaceuticals,$4052132,PHA668
Retail,$877540,RET669
Healthcare,$2673306,HEA670
Education,$2420078,EDU671
Film,$7706390,FIL672
Arts,$5863226,ART673
Water,$9787976,WAT674
IT,$8365975,IT675
IT,$648858,IT676
Enviroment,$8232139,ENV677
IT,$4399187,IT678
Marketing,$3941426,MAR679
Retail,$1699878,RET680
Film,$2204155,FIL681
Real Estate,$3862977,REA682
Water,$2019455,WAT683
Real Estate,$2214454,REA684
Film,$7383933,FIL685
Game Development,$6346699,GAM686
Law,$4295325,LAW687
Education,$6287835,EDU688
Business,$3936108,BUS689
IT,$7682588,IT690
Consulting,$3868178,CON691
Film,$3690591,FIL692
Finace,$2620310,FIN693
Education,$3759108,EDU694
Engineering,$9183498,ENG695
Media,$8607915,MED696
Business,$5168788,BUS697
Lesiure,$2452042,LES698
Arts,$3492,ART699
Enviroment,$1946766,ENV700
Media,$3042596,MED701
Consulting,$1608384,CON702
Consulting,$414372,CON703
Real Estate,$7380343,REA704
Agriculture,$8251868,AGR705
Government,$6731413,GOV706
Consulting,$4934686,CON707
Water,$2841741,WAT708
Science,$3367728,SCI709
Construction,$94224,CON710
Charity,$8278121,CHA711
Education,$4689019,EDU712
Enviroment,$4113043,ENV713
Marketing,$6159635,MAR714
Arts,$777258,ART715
Enviroment,$3221107,ENV716
Law,$9374859,LAW717
Media,$3965542,MED718
Engineering,$1151132,ENG719
Engineering,$7955627,ENG720
Marketing,$1259564,MAR721
Engineering,$4371410,ENG722
Film,$1797707,FIL723
Marketing,$3741446,MAR724
IT,$2105458,IT725
Finace,$6113805,FIN726
Construction,$2558979,CON727
Game Development,$8855645,GAM728
Consulting,$2283849,CON729
Energy,$5523061,ENE730
Consulting,$8639160,CON731
Engineering,$7302541,ENG732
Game Development,$1321745,GAM733
Finace,$720707,FIN734
Transport,$6872075,TRA735
Banking,$9080182,BAN736
Game Development,$5745121,GAM737
Finace,$4442133,FIN738
Real Estate,$1862226,REA739
Pharmaceuticals,$5530725,PHA740
Media,$8477478,MED741
Engineering,$3876979,ENG742
Charity,$5661217,CHA743
Consulting,$838804,CON744
Lesiure,$5551377,LES745
Marketing,$9867277,MAR746
Energy,$4144579,ENE747
Agriculture,$7494612,AGR748
Science,$9541491,SCI749
Science,$2289866,SCI750
Water,$4078614,WAT751
Law,$4079326,LAW752
Transport,$7335987,TRA753
Enviroment,$7396198,ENV754
Charity,$4891311,CHA755
Arts,$467984,ART756
Agriculture,$5304091,AGR757
Arts,$2553858,ART758
Healthcare,$7930499,HEA759
Government,$1855440,GOV760
Film,$4371666,FIL761
Media,$2107865,MED762
Construction,$8957147,CON763
Film,$8536370,FIL764
Water,$3639275,WAT765
Energy,$2340759,ENE766
Business,$2890194,BUS767
Acounting,$2857182,ACO768
Business,$1161529,BUS769
Charity,$6404871,CHA770
Charity,$9514126,CHA771
Engineering,$2634455,ENG772
Healthcare,$278182,HEA773
Pharmaceuticals,$513304,PHA774
Marketing,$5073247,MAR775
Science,$900841,SCI776
Water,$1703663,WAT777
Lesiure,$2238160,LES778
Healthcare,$1963314,HEA779
Charity,$4534761,CHA780
Acounting,$4244032,ACO781
Water,$5331576,WAT782
Consulting,$3064028,CON783
Lesiure,$7592556,LES784
Energy,$9508409,ENE785
Finace,$6437369,FIN786
Engineering,$9988153,ENG787
Construction,$550682,CON788
Transport,$6089933,TRA789
Game Development,$5672979,GAM790
Science,$1826350,SCI791
Retail,$3534705,RET792
Banking,$228948,BAN793
Education,$3470310,EDU794
Pharmaceuticals,$9188123,PHA795
Enviroment,$712100,ENV796
Film,$2244030,FIL797
Marketing,$6040013,MAR798
Enviroment,$1926418,ENV799
Water,$778915,WAT800
